<?xml version="1.0" encoding="UTF-8"?>
<!DOCTYPE Libro SYSTEM "ej2.dtd">

<Libro Catalogo="coches">
    <Titulo> Mas que coches</Titulo>
    <Seccion> Deportivos </Seccion>
    <SubSeccion> Deportivos Italianos</SubSeccion>
    <Contenido>
        <Capitulo materia="XML">
            <Tema>1</Tema>
        </Capitulo>
        <Separacion></Separacion>
        <Capitulo materia="XML">
            <Tema>2</Tema>
        </Capitulo>
        <Separacion></Separacion>
    </Contenido>
    <Copyright> Ajota </Copyright>
</Libro>