<?xml version="1.0" encoding="UTF-8"?>
<shiporder xmlns:xsi="http://www.w3.org/2001/XMLSchema-instance" xsi:noNamespaceSchemaLocation="ej4.xsd">
    <orderperson>Joselito</orderperson>
    <shipto>
        <name>Manue</name>
        <address>C/Ciervo nº10</address>
        <city>Lepe</city>
        <country>España</country>
    </shipto>
    <item orderid="500">
        <title>Gorra</title>
        <note>Gorra de Alonso</note>
        <quantity>1</quantity>
        <price>319€</price>
    </item>
    <item orderid="538">
        <title>Chaqueta</title>
        <quantity>1</quantity>
        <price>17€</price>
    </item>
</shiporder>